function,file,project
getInstalledApplications,snapmatic-life/app/src/main/java/com/tafayor/selfcamerashot/taflib/helpers/PackageHelper.java,snapmatic-life
getInstalledPackages,snapmatic-life/app/src/main/java/com/tafayor/selfcamerashot/taflib/helpers/PackageHelper.java,snapmatic-life
getInstalledApplications,secureme/app/src/main/java/edu/berkeley/rescomp/secureme/checklist/SecurityChecklist.java,secureme
getInstalledPackages,lifx-tasker/src/main/java/com/twofortyfouram/locale/PackageUtilities.java,lifx-tasker
getInstalledApplications,openfit/app/src/main/java/com/solderbyte/openfit/ApplicationManager.java,openfit
getInstalledApplications,apps2fire/app/src/main/java/mobi/koni/appstofiretv/LocalAppsListFragment.java,apps2fire
getInstalledApplications,htcdotbreaker/app/src/main/java/com/htc/dotbreaker/utils/DotBreakerUtils.java,htcdotbreaker
getInstalledPackages,retribution/app/src/main/java/com/nbehary/retribution/IconPackPreviewLoader.java,retribution
getInstalledApplications,ultrasonic/ultrasonic/src/main/java/org/moire/ultrasonic/util/Util.java,ultrasonic
getInstalledApplications,dashnotifier/src/com/umang/dashnotifier/AppListFragment.java,dashnotifier
getInstalledPackages,activities/app/src/main/java/com/cunnj/activities/AllTasksListAdapter.java,activities
getInstalledApplications,bibsearch/com.google.zxing.client.android.CaptureActivity/src/com/google/zxing/client/android/share/LoadPackagesAsyncTask.java,bibsearch
getInstalledApplications,voicenotify/app/src/main/java/com/pilot51/voicenotify/AppListActivity.java,voicenotify
getInstalledApplications,performance-tweaker/app/src/main/java/com/asksven/android/common/kernelutils/ProcessStatsDumpsys.java,performance-tweaker
getInstalledPackages,performance-tweaker/app/src/main/java/com/asksven/android/common/kernelutils/ProcessStatsDumpsys.java,performance-tweaker
getInstalledApplications,appplus/library/src/main/java/hotchemi/android/rate/UriHelper.java,appplus
getInstalledPackages,appplus/app/src/main/java/com/gudong/appkit/dao/AppInfoEngine.java,appplus
getInstalledPackages,bladedroid/workspace/BladeManager/src/edu/uw/bladedroid/blademanager/MainActivity.java,bladedroid
getInstalledPackages,activitylauncher/ActivityLauncherApp/src/main/java/de/szalkowski/activitylauncher/AllTasksListAdapter.java,activitylauncher
getInstalledPackages,activitylauncher/ActivityLauncherApp/src/main/java/de/szalkowski/activitylauncher/IconListAdapter.java,activitylauncher
getInstalledPackages,livingstone/app/src/test/java/com/livingstoneapp/presenters/PackageListActivityPresenterImplTest.java,livingstone
getInstalledPackages,livingstone/app/src/main/java/com/livingstoneapp/presenters/PackageListActivityPresenterImpl.java,livingstone
getInstalledPackages,livingstone/app/src/main/java/com/livingstoneapp/interactors/IPackageInteractor.java,livingstone
getInstalledApplications,livingstone/app/src/main/java/com/livingstoneapp/interactors/PackageInteractorImpl.java,livingstone
getInstalledPackages,livingstone/app/src/main/java/com/livingstoneapp/interactors/PackageInteractorImpl.java,livingstone
getInstalledPackages,app-monitor/app/src/main/java/com/cs442project/appmonitor/TopActivityReceiver.java,app-monitor
getInstalledPackages,app-monitor/app/src/main/java/com/cs442project/appmonitor/ServiceBase.java,app-monitor
getInstalledApplications,app-monitor/app/src/main/java/com/cs442project/appmonitor/AppLoading/ProcessInfo.java,app-monitor
getInstalledPackages,remotekeyboard/src/de/onyxbits/remotekeyboard/ListTask.java,remotekeyboard
getInstalledApplications,forty/app/src/main/java/me/drori/forty/MainActivity.java,forty
getInstalledApplications,irdb-android/tihir/src/main/java/com/tih/tihir/ConsumerIrManagerCompat.java,irdb-android
getInstalledApplications,appfloater/AppFloater/src/main/java/tt/co/justins/appfloater/MainActivity.java,appfloater
getInstalledPackages,appfloater/AppFloater/src/main/java/tt/co/justins/appfloater/MainActivity.java,appfloater
getInstalledApplications,semdroid/semdroid-android/src/main/java/com/oprisnik/semdroid/AppListFragment.java,semdroid
getInstalledApplications,botifier/src/com/github/grimpy/botifier/preference/ApplicationFilterFragment.java,botifier
getInstalledApplications,informant-droid/Components/xamandroidsupportv13-18-13.18.1/lib/android/18/content/support/samples/Support4Demos/src/com/example/android/supportv4/app/LoaderCustomSupport.java,informant-droid
getInstalledApplications,glownotifier/GlowNotifierApp/src/main/java/com/hybdms/glownotifier/Utilities.java,glownotifier
getInstalledApplications,apppermissionsscan/src/kr/pe/devsunset/aps/FragmentPermission.java,apppermissionsscan
getInstalledApplications,apppermissionsscan/src/kr/pe/devsunset/aps/MainActivity.java,apppermissionsscan
getInstalledApplications,apppermissionsscan/src/kr/pe/devsunset/aps/FragmentSystem.java,apppermissionsscan
getInstalledApplications,apppermissionsscan/src/kr/pe/devsunset/aps/FragmentDownload.java,apppermissionsscan
getInstalledApplications,notification-blocker/app/src/main/java/com/redinput/notifblock/MainActivity.java,notification-blocker
getInstalledPackages,smscodehelper/localeapi/demo/display/locale-api/src/com/twofortyfouram/locale/PackageUtilities.java,smscodehelper
getInstalledPackages,smscodehelper/localeapi/demo/toast/locale-api/src/com/twofortyfouram/locale/PackageUtilities.java,smscodehelper
getInstalledPackages,smscodehelper/localeapi/src/main/java/com/twofortyfouram/locale/PackageUtilities.java,smscodehelper
getInstalledApplications,dreamy/app/src/main/java/de/dreamy/system/SystemProperties.java,dreamy
getInstalledApplications,notify_me/notifyApp/src/main/java/com/anandbibek/notifyme/AppPicker.java,notify_me
getInstalledApplications,neodash/dashclock-api/src/main/java/com/google/android/apps/dashclock/api/host/DashClockHost.java,neodash
getInstalledApplications,android_app_disabler/src/com/nebkat/appdisabler/MainActivity.java,android_app_disabler
getInstalledApplications,slimsocial-for-facebook/SlimFacebook/app/src/main/java/it/rignanese/leo/slimfacebook/utility/MyAdvancedWebView.java,slimsocial-for-facebook
getInstalledPackages,showmyrecentapps/src/com/qidu/lin/showRecentApps/bg/appInfo/AppInfoManager.java,showmyrecentapps
getInstalledApplications,ilocker/src/com/qc4w/ilocker/util/AppUtils.java,ilocker
getInstalledApplications,kidsm_for_android/JakeWharton-ActionBarSherlock-4.3.1-0-gc0d437c/JakeWharton-ActionBarSherlock-071a61c/actionbarsherlock-samples/fragments/src/com/actionbarsherlock/sample/fragments/LoaderCustomSupport.java,kidsm_for_android
getInstalledPackages,cgeo/main/src/cgeo/geocaching/utils/ProcessUtils.java,cgeo
getInstalledApplications,materialscrollbar/app/src/main/java/com/turingtechnologies/materialscrollbardemo/AppData.java,materialscrollbar
getInstalledPackages,devbricks/src/main/java/com/dailystudio/nativelib/application/AndroidApplication.java,devbricks
getInstalledApplications,panicbutton/src/main/java/org/iilab/pb/fragment/WizardTestDisguiseOpenFragment.java,panicbutton
getInstalledApplications,android-demos/Sandbox/app/src/main/java/novoda/com/sandbox/MainActivity.java,android-demos
getInstalledPackages,ikasesteka/Ikasesteka/cocos2d/plugin/plugins/alipay/proj.android/src/org/cocos2dx/plugin/MobileSecurePayHelper.java,ikasesteka
getInstalledPackages,batphone/app/src/main/java/org/servalproject/RequestThread.java,batphone
getInstalledApplications,android-testdpc/app/src/main/java/com/afwsamples/testdpc/policy/PolicyManagementFragment.java,android-testdpc
getInstalledApplications,android-testdpc/app/src/main/java/com/afwsamples/testdpc/common/ManageAppFragment.java,android-testdpc
getInstalledApplications,android-testdpc/app/src/main/java/com/afwsamples/testdpc/common/SelectAppFragment.java,android-testdpc
getInstalledPackages,android-secretcodes/app/src/main/java/fr/simon/marquis/secretcodes/Crawler.java,android-secretcodes
getInstalledApplications,android-preferencesmanager/PreferencesManager/src/main/java/fr/simon/marquis/preferencesmanager/util/Utils.java,android-preferencesmanager
getInstalledPackages,trime/app/src/main/java/com/osfans/trime/Function.java,trime
getInstalledPackages,appopsx/opsxpro/src/main/java/com/zzzmode/appopsx/ApiSupporter.java,appopsx
getInstalledPackages,appopsx/apicompat/src/main/java/android/content/pm/IPackageManager.java,appopsx
getInstalledPackages,appopsx/app/src/main/java/com/zzzmode/appopsx/ui/core/Helper.java,appopsx
getInstalledPackages,huenotifier/app/src/main/java/de/j4velin/huenotifier/AppPicker.java,huenotifier
getInstalledApplications,sixgrid/src/io/pure/sixgrid/preference/CustomizeGrid.java,sixgrid
getInstalledPackages,xposedmenubegone/src/ro/epb/menubegone/settings/AppListAdapter.java,xposedmenubegone
getInstalledPackages,afortune/src/eu/kreijack/afortune/AFortuneDB.java,afortune
getInstalledPackages,myobject/MyApplication/master/src/main/java/com/ds/master/utils/AppInfoUtils.java,myobject
getInstalledApplications,portknocker/app/src/main/java/com/xargsgrep/portknocker/asynctask/RetrieveApplicationsAsyncTask.java,portknocker
getInstalledApplications,zxing/android/app/src/main/java/com/coact/kochzap/share/LoadPackagesAsyncTask.java,zxing
getInstalledPackages,nanoiconpack/nanoiconpack/src/main/java/com/by_syk/lib/nanoiconpack/util/PkgUtil.java,nanoiconpack
getInstalledPackages,tryandremove/app/src/debug/java/de/poeschl/apps/tryandremove/data/MockPackageList.java,tryandremove
getInstalledApplications,tryandremove/app/src/debug/java/de/poeschl/apps/tryandremove/utils/MockPackageManager.java,tryandremove
getInstalledPackages,tryandremove/app/src/debug/java/de/poeschl/apps/tryandremove/utils/MockPackageManager.java,tryandremove
getInstalledApplications,network-traffic-monitor/app/src/main/java/com/whitfield/james/simplenetworkspeedmonitor/manager/ApplicationTrafficMonitorFragment.java,network-traffic-monitor
getInstalledApplications,android-app-recommendation/app/src/main/java/br/com/kosawalabs/apprecommendation/service/UploadMyAppsIService.java,android-app-recommendation
getInstalledApplications,walmartbuddy/src/libraries/zxing-android/src/main/java/com/google/zxing/client/android/share/LoadPackagesAsyncTask.java,walmartbuddy
getInstalledPackages,kcanotify/app/src/main/java/eu/faircode/netguard/Rule.java,kcanotify
getInstalledPackages,kcanotify/app/src/main/java/com/antest1/kcanotify/KcaPackageListViewAdpater.java,kcanotify
getInstalledApplications,listlauncher/app/src/main/java/com/amagital/launcher/list/AppLoader.java,listlauncher
getInstalledPackages,forcedoze/app/src/main/java/com/suyashsrijan/forcedoze/ForceDozeService.java,forcedoze
getInstalledApplications,forcedoze/app/src/main/java/com/suyashsrijan/forcedoze/Utils.java,forcedoze
getInstalledPackages,fitnotifications/app/src/main/java/com/abhijitvalluri/android/fitnotifications/AppChoicesActivity.java,fitnotifications
getInstalledApplications,fitnotifications/app/src/main/java/com/abhijitvalluri/android/fitnotifications/utils/Func.java,fitnotifications
getInstalledPackages,fitnotifications/app/src/main/java/com/abhijitvalluri/android/fitnotifications/utils/Func.java,fitnotifications
getInstalledPackages,quicklic_floatinglauncher/Quicklic/src/quicklic/quicklic/favorite/ApkListActivity.java,quicklic_floatinglauncher
getInstalledPackages,cor-engine/projects/cor_lib_test_main/cocos2d/plugin/plugins/alipay/proj.android/src/org/cocos2dx/plugin/MobileSecurePayHelper.java,cor-engine
getInstalledPackages,cor-engine/projects/cor_lib_test_main_v_3_6/cocos2d/plugin/plugins/alipay/proj.android/src/org/cocos2dx/plugin/MobileSecurePayHelper.java,cor-engine
getInstalledApplications,toaster/app/src/main/java/org/mars3142/android/toaster/loader/PackageLoader.java,toaster
getInstalledApplications,networklog/ActionBarSherlock/samples/fragments/src/com/actionbarsherlock/sample/fragments/LoaderCustomSupport.java,networklog
getInstalledApplications,networklog/src/com/googlecode/networklog/ApplicationsTracker.java,networklog
getInstalledPackages,powerswitch_android/LocaleApi/src/main/java/com/twofortyfouram/locale/PackageUtilities.java,powerswitch_android
getInstalledPackages,apde/APDE/src/main/java/com/calsignlabs/apde/tool/UninstallSketch.java,apde
getInstalledApplications,owasp-seraphimdroid/Resources/src/org/owasp/seraphimdroid/PermissionScannerFragment.java,owasp-seraphimdroid
getInstalledPackages,owasp-seraphimdroid/Resources/src/org/owasp/seraphimdroid/AppLockFragment.java,owasp-seraphimdroid
getInstalledApplications,owasp-seraphimdroid/Seraphimdroid/app/src/main/java/org/owasp/seraphimdroid/PermissionScannerFragment.java,owasp-seraphimdroid
getInstalledPackages,owasp-seraphimdroid/Seraphimdroid/app/src/main/java/org/owasp/seraphimdroid/AppLockFragment.java,owasp-seraphimdroid
getInstalledApplications,alwaysondisplayamoled/app/src/main/java/com/tomer/alwayson/SettingsFragment.java,alwaysondisplayamoled
getInstalledApplications,alwaysondisplayamoled/app/src/main/java/com/tomer/alwayson/helpers/Utils.java,alwaysondisplayamoled
getInstalledApplications,norootscriptdroid/app/src/main/java/org/autojs/autojs/ui/shortcut/ShortcutIconSelectActivity.java,norootscriptdroid
getInstalledApplications,norootscriptdroid/autojs/src/main/java/com/stardust/autojs/runtime/api/AppUtils.java,norootscriptdroid
getInstalledApplications,datfm/src/com/zlab/datFM/datFM_IO_Fetch.java,datfm
getInstalledPackages,tasquid/astrid/src/com/todoroo/astrid/service/StartupService.java,tasquid
getInstalledApplications,tasquid/actionbarsherlock/samples/fragments/src/com/actionbarsherlock/sample/fragments/LoaderCustomSupport.java,tasquid
getInstalledApplications,assist-me/app/src/main/java/com/pin/assistme/Main1.java,assist-me
getInstalledPackages,assist-me/floatingMenu/src/main/java/fr/anthonyfernandez/floatingmenu/Manager/RetrievePackages.java,assist-me
getInstalledPackages,assist-me/floatingMenu/src/main/java/fr/anthonyfernandez/floatingmenu/Service/ServiceFloating.java,assist-me
getInstalledPackages,devicecontrol/app/src/main/java/org/namelessrom/devicecontrol/modules/appmanager/BaseAppListFragment.java,devicecontrol
getInstalledPackages,ctrlvkeyboard/app/src/main/java/com/twofortyfouram/locale/PackageUtilities.java,ctrlvkeyboard
getInstalledApplications,open-android/OpenAndroid/src/main/java/com/nickstephen/openandroid/components/AppBrowserListFrag.java,open-android
getInstalledApplications,projectall/HuaXiaApp/app/src/main/java/com/framwork/Utils/AntiHijackingUtil.java,projectall
getInstalledApplications,pgapp/plugins/com.phonegap.plugins.barcodescanner/src/android/LibraryProject/src/com/google/zxing/client/android/share/LoadPackagesAsyncTask.java,pgapp
getInstalledPackages,cocos-quick-cpp/publibs/cocos2dx/plugin/plugins/alipay/proj.android/src/org/cocos2dx/plugin/MobileSecurePayHelper.java,cocos-quick-cpp
getInstalledApplications,12hoursandroid/app/src/main/java/com/tajchert/hours/ui/ActivityWidgetSettings.java,12hoursandroid
getInstalledApplications,12hoursandroid/app/src/main/java/com/tajchert/hours/ui/AppArrayAdapter.java,12hoursandroid
getInstalledApplications,airpush-detector/src/com/brosmike/airpushdetector/Detector.java,airpush-detector
getInstalledPackages,simplepackageinfo/app/src/main/java/com/nfllab/android/simplepackageinfo/PackageListActivity.java,simplepackageinfo
getInstalledPackages,lydia/Autosense/Autosense/src/main/java/com/autosenseapp/buttons/appButtons/AppLaunchButton.java,lydia
getInstalledPackages,lydia/Autosense/Autosense/src/main/java/com/autosenseapp/fragments/LauncherFragment.java,lydia
getInstalledApplications,historycleanerpro/HistoryCleaner/app/src/main/java/com/ayros/historycleaner/cleaning/items/_System_Cache.java,historycleanerpro
getInstalledPackages,historycleanerpro/HistoryCleaner/app/src/main/java/com/ayros/historycleaner/helpers/Helper.java,historycleanerpro
getInstalledApplications,123qrreader/plugins/phonegap-plugin-barcodescanner/src/android/LibraryProject/src/com/google/zxing/client/android/share/LoadPackagesAsyncTask.java,123qrreader
getInstalledPackages,xposedapplocale/app/src/main/java/com/zhangfx/xposed/applocale/MainActivity.java,xposedapplocale
getInstalledApplications,android-cache-cleaner/CacheCleaner/src/main/java/com/frozendevs/cache/cleaner/model/CleanerService.java,android-cache-cleaner
getInstalledApplications,newtifry/android/newtifry/src/com/newtifry/android/Newtifry.java,newtifry
getInstalledApplications,android-advancedwebview/Source/library/src/main/java/im/delight/android/webview/AdvancedWebView.java,android-advancedwebview
getInstalledApplications,vtmobile/app/src/main/java/com/bulbasauro/misc/AdvancedWebView.java,vtmobile
getInstalledPackages,yuzubrowser/legacy/src/main/java/jp/hazuki/yuzubrowser/legacy/utils/appinfo/AppListTask.java,yuzubrowser
getInstalledApplications,appinspector/src/bg/projectoria/appinspector/AppsListFragment.java,appinspector
getInstalledApplications,vpn-toggle/app/src/main/java/com/codingbad/vpntoggle/fragment/ApplicationsListFragment.java,vpn-toggle
getInstalledApplications,my-pkgs/app/src/main/java/com/nagopy/android/mypkgs/model/loader/ApplicationLoader.java,my-pkgs
getInstalledApplications,my-pkgs/app/src/main/java/com/nagopy/android/mypkgs/util/Logic.java,my-pkgs
getInstalledPackages,apkextractor/src/axp/tool/apkextractor/MainActivity.java,apkextractor
getInstalledPackages,pebblenotificationcenter-android/app/src/main/java/com/matejdro/pebblenotificationcenter/ui/AppListFragment.java,pebblenotificationcenter-android
getInstalledPackages,pebblenotificationcenter-android/app/src/main/java/com/matejdro/pebblenotificationcenter/tasker/TaskerAppListActivity.java,pebblenotificationcenter-android
getInstalledPackages,contentblocker/adguard_cb/src/main/java/com/adguard/android/contentblocker/commons/BrowserUtils.java,contentblocker
getInstalledPackages,pingpongcocos2dx/cocos2d/plugin/plugins/alipay/proj.android/src/org/cocos2dx/plugin/MobileSecurePayHelper.java,pingpongcocos2dx
getInstalledPackages,keyblocker/app/src/main/java/tool/xfy9326/keyblocker/activity/SettingsActivity.java,keyblocker
getInstalledPackages,wearvibrationcenter/mobile/src/main/java/com/matejdro/wearvibrationcenter/ui/AppPickerFragment.java,wearvibrationcenter
getInstalledPackages,android-proxy/proxy-settings/src/main/java/com/lechucksoftware/proxy/proxysettings/feedbackutils/PackagesUtils.java,android-proxy
getInstalledPackages,reshadow/src/main/java/com/biganiseed/reindeer/Tools.java,reshadow
getInstalledApplications,foxit/android/src/com/foxyourprivacy/f0x1t/activities/Analysis.java,foxit
getInstalledApplications,foxit/android/src/com/foxyourprivacy/f0x1t/fragments/AppListFragment.java,foxit
getInstalledApplications,kk-android-reinstall-apk/src/jp/ne/sakura/kkkon/android/reinstallapk/MainActivity.java,kk-android-reinstall-apk
getInstalledApplications,slidingmenuusage/actionbarsherlock-samples/fragments/src/com/actionbarsherlock/sample/fragments/LoaderCustomSupport.java,slidingmenuusage
getInstalledPackages,wificallingcontrols/locale-api/src/com/twofortyfouram/locale/PackageUtilities.java,wificallingcontrols
getInstalledApplications,wificallingcontrols/App/src/main/java/com/ajhodges/wificallingcontrols/ipphone/WifiCallingManager.java,wificallingcontrols
getInstalledPackages,otgsubs/substratum-packager/src/main/java/com/pddstudio/substratum/packager/utils/ApkHelper.java,otgsubs
getInstalledApplications,dashclock-warning/src/main/java/com/mridang/warning/WarningActivity.java,dashclock-warning
getInstalledApplications,disableproxsensor/app/src/main/java/com/mrchandler/disableprox/ui/AppSettingsFragment.java,disableproxsensor
getInstalledPackages,disableproxsensor/app/src/main/java/com/twofortyfouram/locale/PackageUtilities.java,disableproxsensor
getInstalledApplications,kitchensync/ActionBarSherlock/samples/fragments/src/com/actionbarsherlock/sample/fragments/LoaderCustomSupport.java,kitchensync
getInstalledApplications,bionlpocr/src/com/google/zxing/client/android/share/LoadPackagesAsyncTask.java,bionlpocr
getInstalledPackages,listmyaps/src/de/onyxbits/listmyapps/ListTask.java,listmyaps
getInstalledApplications,lirbireader/app/src/main/java/com/foobnix/sys/BitmapActivity.java,lirbireader
getInstalledPackages,serviceexplorer/app/src/main/java/com/nachtimwald/android/serviceexplorer/ServiceListFragment.java,serviceexplorer
getInstalledApplications,remotedroid/app/src/main/java/in/omerjerk/remotedroid/app/MainStarter.java,remotedroid
getInstalledPackages,archon-packager/app/src/main/java/me/bpear/archonpackager/activityInstalled.java,archon-packager
getInstalledApplications,checkey/app/src/main/java/info/guardianproject/checkey/AppListLoader.java,checkey
getInstalledPackages,tui-consolelauncher/app/src/main/java/ohi/andre/consolelauncher/managers/AppsManager.java,tui-consolelauncher
getInstalledApplications,outsystemsnow-android/outsystems-app-android/Outsystems/plugins/com.phonegap.plugins.barcodescanner/src/android/LibraryProject/src/com/google/zxing/client/android/share/LoadPackagesAsyncTask.java,outsystemsnow-android
getInstalledApplications,paco/Paco/src/com/pacoapp/paco/sensors/android/AndroidInstalledApplications.java,paco
getInstalledPackages,paco/Paco/src/com/pacoapp/paco/sensors/android/AndroidInstalledApplications.java,paco
getInstalledPackages,busybox/app/src/main/java/com/jrummyapps/busybox/InstalledEventReceiver.java,busybox
getInstalledPackages,inspeckage/app/src/main/java/mobi/acpm/inspeckage/ui/MainFragment.java,inspeckage
getInstalledPackages,inspeckage/app/src/main/java/mobi/acpm/inspeckage/util/PackageDetail.java,inspeckage
getInstalledPackages,fireattack/cocos2d/plugin/plugins/alipay/proj.android/src/org/cocos2dx/plugin/MobileSecurePayHelper.java,fireattack
getInstalledApplications,rattrap/Framework/AntiVirus/src/xiaowang/filebrowser/bean/FileBrowser.java,rattrap
getInstalledPackages,websms-connector-cabbage/src/com/mikebl71/android/websms/connector/cabbage/CaptcherSolverClient.java,websms-connector-cabbage
getInstalledApplications,headsup/project/app/src/main/java/com/achep/acdisplay/ui/activities/BlacklistActivity.java,headsup
getInstalledPackages,soulissapp/taskerapi/src/main/java/com/twofortyfouram/locale/PackageUtilities.java,soulissapp
getInstalledPackages,prefx/prefx/src/oshai/prefx/SmsForwardActivity.java,prefx
getInstalledPackages,lampshade/mobile/src/main/java/com/twofortyfouram/locale/PackageUtilities.java,lampshade
getInstalledApplications,swiftp/app/src/main/java/be/ppareit/swiftp/App.java,swiftp
getInstalledPackages,ir-remote/src/org/twinone/irremote/ir/io/HTCReceiver.java,ir-remote
getInstalledApplications,desenvolvimento-android/ExemploZXingIntegration/zxing-source/com/google/zxing/client/android/share/LoadPackagesAsyncTask.java,desenvolvimento-android
getInstalledPackages,aceim/Ace IM/src/aceim/app/SmileysManager.java,aceim
getInstalledPackages,aceim/Ace IM/src/aceim/app/themeable/ThemesManager.java,aceim
getInstalledApplications,starglider/build/android/src/com/brooks/jeremy/starglider/glglue/NativeGame.java,starglider
getInstalledPackages,ikaszopa/ikaszopa/cocos2d/plugin/plugins/alipay/proj.android/src/org/cocos2dx/plugin/MobileSecurePayHelper.java,ikaszopa
getInstalledApplications,sneer/android/android.main/src/main/java/sneer/android/ipc/Plugins.java,sneer
getInstalledPackages,iziozi/iziozi/src/main/java/it/iziozi/iziozi/helpers/IOHelper.java,iziozi
getInstalledPackages,diabhelp-app-android/Diabhelp/app/src/main/java/fr/diabhelp/diabhelp/Models/ModuleList.java,diabhelp-app-android
getInstalledPackages,diabhelp-app-android/Diabhelp/app/src/main/java/fr/diabhelp/diabhelp/Core/CatalogueFragment.java,diabhelp-app-android
getInstalledPackages,linemonitorbot/src/com/kovaciny/linemonitorbot/FloatingToolbarFragment.java,linemonitorbot
getInstalledPackages,contentproviderhelper/app/src/main/java/com/jensdriller/contentproviderhelper/task/SearchProvidersTask.java,contentproviderhelper
getInstalledPackages,trebleshot/app/src/main/java/com/genonbeta/TrebleShot/adapter/ApplicationListAdapter.java,trebleshot
getInstalledApplications,net-top/app/src/main/java/org/alvarogp/nettop/metric/data/android/owner/InstalledApplications.java,net-top
getInstalledPackages,applist/app/src/main/java/com/dwak/applist/MainActivity.java,applist
getInstalledPackages,applist/app/src/main/java/com/dwak/applist/AppListApplication.java,applist
getInstalledPackages,applist/app/src/main/java/com/dwak/applist/AppListFragment.java,applist
getInstalledPackages,applist/app/src/main/java/com/dwak/applist/AppListAdapter.java,applist
getInstalledApplications,tcg/app/src/main/java/ec/orangephi/tcg/ShareActivity.java,tcg
getInstalledPackages,phoenix/app/src/main/java/tk/giesecke/phoenix/Phoenix.java,phoenix
getInstalledApplications,phoenix/app/src/main/java/tk/giesecke/phoenix/ReBoot.java,phoenix
getInstalledApplications,easyaccess/src/org/easyaccess/AllAppsActivity.java,easyaccess
getInstalledPackages,dashclock-updates/src/main/java/com/mridang/updates/WidgetSettings.java,dashclock-updates
getInstalledPackages,dashclock-updates/src/main/java/com/mridang/updates/UpdatesWidget.java,dashclock-updates
getInstalledApplications,podemu/app/src/main/java/com/rp/podemu/SettingsActivity.java,podemu
getInstalledPackages,showpermissions/src/com/qidu/lin/showpermissions/MainActivity.java,showpermissions
getInstalledApplications,myapplist/application/src/main/java/com/projectsexception/myapplist/util/AppUtil.java,myapplist
getInstalledPackages,myapplist/application/src/main/java/com/projectsexception/myapplist/util/AppUtil.java,myapplist
getInstalledPackages,powerfactorcorrection/app/src/main/java/com/gmail/simpson/o/alexis/PowerFactorCorrection.java,powerfactorcorrection
getInstalledPackages,opacclient/opacclient/opacapp/src/main/java/de/geeksfactory/opacclient/barcode/BarcodeScanIntegrator.java,opacclient
getInstalledPackages,brailleback/braille/libraries/utils/src/com/googlecode/eyesfree/utils/ClassLoadingManager.java,brailleback
getInstalledApplications,trainingmode/app/src/main/java/ismisepaul/trainingmode/SettingsActivity.java,trainingmode
getInstalledApplications,amazefilemanager/app/src/main/java/com/amaze/filemanager/asynchronous/loaders/AppListLoader.java,amazefilemanager
getInstalledPackages,kernel-tuner/src/main/java/rs/pedjaapps/kerneltuner/fragments/SystemInfoFragment.java,kernel-tuner
getInstalledPackages,kernel-tuner/src/main/java/rs/pedjaapps/kerneltuner/appmanager/ApplicationManagerActivity.java,kernel-tuner
getInstalledApplications,flashblinkservice/java/com/scrat/flashblinkservice/StAct.java,flashblinkservice
getInstalledApplications,yona-app-android/openvpn/src/main/java/de/blinkt/openvpn/fragments/Settings_Allowed_Apps.java,yona-app-android
getInstalledPackages,lbv/app/src/main/java/ms/gwillia/lbv/MainActivity.java,lbv
getInstalledPackages,outclassdl/app/src/main/java/Base/com/sportsoutclass/outclassdl/AboutPageRVAdapter.java,outclassdl
getInstalledPackages,outclassdl/app/src/main/java/Base/com/sportsoutclass/outclassdl/AppRater.java,outclassdl
getInstalledPackages,blackhole/src/main/java/org/thezero/applist/InstalledAppsHelper.java,blackhole
getInstalledApplications,advanced-settings-for-android-wear/wear/src/main/java/com/sssemil/advancedsettings/util/Utils.java,advanced-settings-for-android-wear
getInstalledApplications,androidtest/support4Demos/src/main/java/com/example/android/supportv4/app/LoaderCustomSupport.java,androidtest
getInstalledApplications,androidtest/UsefulCodeTest/src/main/java/com/y/UsefulCode.java,androidtest
getInstalledApplications,androidtest/UsefulCodeTest/src/main/java/com/y/MainActivity.java,androidtest
getInstalledPackages,rights-alert/src/fr/keuse/rightsalert/thread/LoadApplicationsThread.java,rights-alert
getInstalledPackages,treebolic/treebolic/src/main/java/org/treebolic/Services.java,treebolic
getInstalledPackages,flyve-mdm-android-agent/app/src/main/java/org/flyve/mdm/agent/utils/AppInfo.java,flyve-mdm-android-agent
getInstalledApplications,projetointelligencecredenciamento/Intelligence/zxing-source/com/google/zxing/client/android/share/LoadPackagesAsyncTask.java,projetointelligencecredenciamento
getInstalledPackages,expouvg/ExpoUVG_Final/piwik-sdk/src/test/java/org/piwik/sdk/testhelper/FullEnvTestLifeCycle.java,expouvg
getInstalledApplications,bug_radar/app/src/main/java/com/error/hunter/MainActivity.java,bug_radar
getInstalledPackages,maxs/main/src/org/projectmaxs/main/util/PermCheck.java,maxs
getInstalledPackages,maxs/main/src/org/projectmaxs/shared/global/util/PackageManagerUtil.java,maxs
getInstalledApplications,afwall/aFWall/src/main/java/dev/ukanth/ufirewall/Api.java,afwall
getInstalledApplications,afwall/aFWall/src/main/java/dev/ukanth/ufirewall/MainActivity.java,afwall
getInstalledPackages,afwall/aFWall/src/main/java/com/twofortyfouram/locale/PackageUtilities.java,afwall
getInstalledPackages,mlmanager/app/src/main/java/com/javiersantos/mlmanager/activities/MainActivity.java,mlmanager
getInstalledPackages,home/home/src/main/java/com/rajpriya/home/InstalledAppsFragment.java,home
getInstalledApplications,gpslogger/gpslogger/src/main/java/com/mendhak/gpslogger/common/Systems.java,gpslogger
getInstalledApplications,anticipate/app/src/main/java/com/pluscubed/anticipate/MainActivity.java,anticipate
getInstalledApplications,anticipate/app/src/main/java/com/pluscubed/anticipate/filter/DbUtil.java,anticipate
getInstalledPackages,pgmacdesign-android_rsr_toolbox/src/com/pgmacdesign/rsrtoolbox/Calculator.java,pgmacdesign-android_rsr_toolbox
getInstalledApplications,an2linuxclient/app/src/main/java/kiwi/root/an2linuxclient/fragments/EnabledApplicationsPreferenceFragment.java,an2linuxclient
getInstalledApplications,an2linuxclient/app/src/main/java/kiwi/root/an2linuxclient/fragments/CustomNotificationSettingsFragment.java,an2linuxclient
getInstalledPackages,marsh-permissions/app/src/test/java/com/guavabot/marshpermissions/data/SharedPrefsAppRepositoryTest.java,marsh-permissions
getInstalledPackages,marsh-permissions/app/src/main/java/com/guavabot/marshpermissions/data/SharedPrefsAppRepository.java,marsh-permissions
getInstalledApplications,android-applications-info/app/src/main/java/com/majeur/applicationsinfo/MainLoader.java,android-applications-info
getInstalledApplications,status/app/src/main/java/com/james/status/utils/tasks/PackagesGetterTask.java,status
getInstalledApplications,heads-up/app/src/main/java/codes/simen/l50notifications/ui/ActivityAppList.java,heads-up
getInstalledApplications,nuntius-android/app/src/main/java/org/holylobster/nuntius/activity/AddApplicationBlacklist.java,nuntius-android
getInstalledApplications,systemappmover/src/main/java/de/j4velin/systemappmover/AppPicker.java,systemappmover
getInstalledPackages,netguard/app/src/main/java/eu/faircode/netguard/Rule.java,netguard
getInstalledApplications,netguard/app/src/main/java/eu/faircode/netguard/ServiceSinkhole.java,netguard
getInstalledPackages,contacticloudsync/app/src/main/java/com/granita/contacticloudsync/ui/MainActivity.java,contacticloudsync
getInstalledPackages,cameralocker/src/com/anmolahuja/cameralocker/PackageData.java,cameralocker
getInstalledPackages,appostle/app/src/main/java/nl/jalava/appostle/AppListFragment.java,appostle
getInstalledApplications,iconpack_ssc/src/fragments/MainFragment.java,iconpack_ssc
getInstalledApplications,iconpack_ssc/src/gridview/RequestIconsMain.java,iconpack_ssc
getInstalledApplications,android-app-permission-audit/src/com/carlocriniti/android/permission_explorer/DatabaseUpdateTask.java,android-app-permission-audit
getInstalledApplications,android-app-permission-audit/src/com/carlocriniti/android/permission_explorer/Database.java,android-app-permission-audit
getInstalledPackages,android-app-permission-audit/src/com/carlocriniti/android/permission_explorer/Database.java,android-app-permission-audit
getInstalledPackages,neurostudy/frameworks/cocos2d-x/plugin/plugins/alipay/proj.android/src/org/cocos2dx/plugin/MobileSecurePayHelper.java,neurostudy
getInstalledApplications,dashclock/api/src/main/java/com/google/android/apps/dashclock/api/host/DashClockHost.java,dashclock
getInstalledApplications,fullrobolectrictestsample/src/main/java/org/robolectric/tester/android/content/pm/StubPackageManager.java,fullrobolectrictestsample
getInstalledPackages,fullrobolectrictestsample/src/main/java/org/robolectric/tester/android/content/pm/StubPackageManager.java,fullrobolectrictestsample
getInstalledPackages,fullrobolectrictestsample/src/main/java/org/robolectric/res/builder/RobolectricPackageManager.java,fullrobolectrictestsample
getInstalledApplications,wifon/app/src/main/java/com/croconaut/ratemebuddy/activities/ToolbarDrawerActivity.java,wifon
getInstalledApplications,wifon/app/src/main/java/com/croconaut/ratemebuddy/utils/CommonUtils.java,wifon
getInstalledApplications,appdeck-android/import/ActionBarSherlock/actionbarsherlock-samples/fragments/src/com/actionbarsherlock/sample/fragments/LoaderCustomSupport.java,appdeck-android
getInstalledApplications,taskmanager/src/com/ggstudios/tools/taskmanager/ActivityApps.java,taskmanager
getInstalledPackages,coinflip/dependencies/lib/src/main/java/com/banasiak/coinflip/lib/Util.java,coinflip
getInstalledPackages,notification-forwarder/SMS/src/main/java/org/groebl/sms/BluetoothApps.java,notification-forwarder
getInstalledPackages,kanaquiz/app/src/main/java/com/noprestige/kanaquiz/KanaQuizMain.java,kanaquiz
getInstalledPackages,dynamicapploader/SeekPackageTool/app/src/main/java/com/wjf/seekpackagetool/MainActivity.java,dynamicapploader
getInstalledPackages,dynamicapploader/DynamicAppLoader/app/src/main/java/com/wjf/dynamicapploader/activity/MainActivity.java,dynamicapploader
getInstalledApplications,dynamicapploader/DynamicAppLoader/DroidPlugin/src/com/morgoo/droidplugin/hook/handle/IPackageManagerHookHandle.java,dynamicapploader
getInstalledPackages,dynamicapploader/DynamicAppLoader/DroidPlugin/src/com/morgoo/droidplugin/hook/handle/IPackageManagerHookHandle.java,dynamicapploader
getInstalledApplications,dynamicapploader/DynamicAppLoader/DroidPlugin/src/com/morgoo/droidplugin/pm/IPluginManagerImpl.java,dynamicapploader
getInstalledPackages,dynamicapploader/DynamicAppLoader/DroidPlugin/src/com/morgoo/droidplugin/pm/IPluginManagerImpl.java,dynamicapploader
getInstalledApplications,dynamicapploader/DynamicAppLoader/DroidPlugin/src/com/morgoo/droidplugin/pm/PluginManager.java,dynamicapploader
getInstalledPackages,dynamicapploader/DynamicAppLoader/DroidPlugin/src/com/morgoo/droidplugin/pm/PluginManager.java,dynamicapploader
getInstalledApplications,wowclockwidget/WowClockWidget/src/com/devxperiments/wowclockwidget/apppicker/AppPickerActivity.java,wowclockwidget
getInstalledApplications,appguardian/src/edu/iub/seclab/appguardian/WhiteListPreference.java,appguardian
getInstalledApplications,appguardian/src/edu/iub/seclab/appguardian/TargetListPreference.java,appguardian
getInstalledApplications,betadroid-android/BetaDroid/src/main/java/developer/macbury/betadroid/api/Store.java,betadroid-android
getInstalledPackages,kakaobot/app/src/main/java/com/suyong/kakaobot/MainActivity.java,kakaobot
getInstalledApplications,taskzy/app/src/main/java/dvik/com/taskzy/PickTaskActivity.java,taskzy
getInstalledApplications,safejumper-for-android/app/src/main/java/de/blinkt/openvpn/fragments/Settings_Allowed_Apps.java,safejumper-for-android
getInstalledApplications,deskcon-android/src/net/screenfreeze/deskcon/NotificationWhitelistActivity.java,deskcon-android
getInstalledPackages,baoliandeng/app/src/main/java/io/github/baoliandeng/core/LocalVpnService.java,baoliandeng
getInstalledApplications,randomimage/RandomImageIdea/randomImageLib/src/main/java/de/jeisfeld/randomimage/SettingsFragment.java,randomimage
getInstalledApplications,randomimage/RandomImageIdea/randomImageLib/src/main/java/de/jeisfeld/randomimage/util/SystemUtil.java,randomimage
getInstalledApplications,doapp/app/src/main/java/it/unisannio/security/DoApp/model/AppInfo.java,doapp
getInstalledPackages,mibanddecompiled/Original Files/source/src/com/xiaomi/channel/sdk/VersionManager.java,mibanddecompiled
getInstalledApplications,mibanddecompiled/Original Files/source/src/com/aps/ai.java,mibanddecompiled
getInstalledPackages,fireinstaller/app/src/main/java/com/dlka/fireinstaller/ListTask.java,fireinstaller
getInstalledApplications,package-list/app/src/main/java/me/iofel/packagelist/MainActivity.java,package-list
getInstalledApplications,bigbang/core/src/main/java/com/baoyz/bigbang/core/xposed/setting/XposedAppManagerActivity.java,bigbang
getInstalledPackages,mtransit-for-android/src/org/mtransit/android/data/DataSourceProvider.java,mtransit-for-android
getInstalledPackages,htcdotdesign/app/src/main/java/com/htc/dotdesign/util/DotDesignUtil.java,htcdotdesign
getInstalledApplications,androidvogella/de.vogella.android.apitest/src/com/example/android/apis/app/LoaderCustom.java,androidvogella
getInstalledApplications,android-recipe/Chapter04/src/jp/co/se/android/recipe/chapter04/Ch0402.java,android-recipe
getInstalledApplications,cleanexpert/app/src/main/java/org/mazhuang/cleanexpert/task/SysCacheScanTask.java,cleanexpert
getInstalledApplications,cleanexpert/app/src/main/java/org/mazhuang/cleanexpert/util/CleanUtil.java,cleanexpert
getInstalledPackages,privacybox/app/src/main/java/com/mobimvp/privacybox/ui/applock/LockAppActivity.java,privacybox
getInstalledApplications,deviceconnect-android/dConnectManager/dConnectManager/app/src/main/java/org/deviceconnect/android/observer/fragment/WarningDialogFragment.java,deviceconnect-android
getInstalledApplications,deviceconnect-android/dConnectManager/dConnectManager/app/src/main/java/org/deviceconnect/android/manager/setting/DevicePluginInfoFragment.java,deviceconnect-android
getInstalledApplications,deviceconnect-android/dConnectManager/dConnectManager/app/src/main/java/org/deviceconnect/android/manager/policy/WhitelistFragment.java,deviceconnect-android
getInstalledPackages,deviceconnect-android/dConnectManager/dConnectManager/app/src/main/java/org/deviceconnect/android/manager/plugin/DevicePluginManager.java,deviceconnect-android
getInstalledPackages,screen_launcher/flyshare_piflow_is_library/src/com/inveno/piflow/activity/ext/WFNewsDetailActivity.java,screen_launcher
getInstalledApplications,cin-nobile/appGO2/app/src/main/java/com/cin/linyuehlii/nobile/CChooseAppFrag.java,cin-nobile
getInstalledPackages,philippine-income-tax-android/Philippine Income Tax/src/main/java/ph/coreproc/android/philippineincometax/MainActivity.java,philippine-income-tax-android
getInstalledApplications,substratum/app/src/main/java/projekt/substratum/Substratum.java,substratum
getInstalledApplications,substratum/app/src/main/java/projekt/substratum/fragments/ManagerFragment.java,substratum
getInstalledApplications,substratum/app/src/main/java/projekt/substratum/common/Systems.java,substratum
getInstalledApplications,substratum/app/src/main/java/projekt/substratum/common/platform/ThemeManager.java,substratum
